City_ID,City,Country,Date,Lat,Lng,Max Temp,Humidity,Cloudiness,Wind Speed
0,Baft,IR,2021-09-28 11:38:36,29.234,56.6057,80.22,14,2,11.07
1,Busselton,AU,2021-09-28 11:38:37,-33.65,115.3333,60.08,76,99,7.16
2,Souillac,MU,2021-09-28 11:38:37,-20.5167,57.5167,76.35,64,75,13.8
3,Port Alfred,ZA,2021-09-28 11:38:37,-33.5906,26.891,65.26,65,98,14.97
4,Kruisfontein,ZA,2021-09-28 11:38:37,-34.0033,24.7314,65.88,54,99,15.57
5,Tautira,PF,2021-09-28 11:38:38,-17.7333,-149.15,73.42,79,11,16.67
6,Petropavlovsk-Kamchatskiy,RU,2021-09-28 11:38:38,53.0452,158.6483,43.39,81,0,4.47
7,Ushuaia,AR,2021-09-28 11:38:38,-54.8,-68.3,37.06,70,75,2.3
8,Tuktoyaktuk,CA,2021-09-28 11:38:39,69.4541,-133.0374,26.82,88,100,6.22
9,Saint-Philippe,RE,2021-09-28 11:38:39,-21.3585,55.7679,78.39,77,14,15.37
10,Faanui,PF,2021-09-28 11:38:39,-16.4833,-151.75,78.51,69,76,20.11
11,Vaini,TO,2021-09-28 11:38:40,-21.2,-175.2,66.36,94,0,3.44
12,Hobart,AU,2021-09-28 11:33:43,-42.8794,147.3294,50.05,94,0,3.44
13,Albany,US,2021-09-28 11:38:40,42.6001,-73.9662,62.58,90,100,1.86
14,Bathsheba,BB,2021-09-28 11:38:40,13.2167,-59.5167,84.81,74,20,9.22
15,Rikitea,PF,2021-09-28 11:38:41,-23.1203,-134.9692,72.21,77,16,19.73
16,Oxford,GB,2021-09-28 11:36:04,51.7522,-1.256,64.51,73,40,1.01
17,Los Llanos De Aridane,ES,2021-09-28 11:38:41,28.6585,-17.9182,71.35,78,40,16.11
18,Port Elizabeth,ZA,2021-09-28 11:38:41,-33.918,25.5701,68.09,59,20,17.27
19,Mataura,NZ,2021-09-28 11:38:42,-46.1927,168.8643,45.48,88,80,3.09
20,Bluff,NZ,2021-09-28 11:38:42,-46.6,168.3333,45.81,79,83,10.4
21,Dikson,RU,2021-09-28 11:38:42,73.5069,80.5464,35.69,95,100,17.27
22,Punta Arenas,CL,2021-09-28 11:35:41,-53.15,-70.9167,39.31,65,75,17.27
23,Zharkovskiy,RU,2021-09-28 11:38:43,55.849,32.2697,47.39,77,99,5.93
24,Mandalgovi,MN,2021-09-28 11:38:43,45.7625,106.2708,36.46,48,15,8.95
25,Grindavik,IS,2021-09-28 11:38:43,63.8424,-22.4338,37.87,81,90,28.77
26,Torbay,CA,2021-09-28 11:38:43,47.6666,-52.7314,58.26,93,75,13.8
27,Elat,IL,2021-09-28 11:38:44,29.5581,34.9482,87.64,30,0,11.5
28,Temyasovo,RU,2021-09-28 11:38:44,52.9933,58.1014,34.16,97,100,15.88
29,Yellowknife,CA,2021-09-28 11:37:03,62.456,-114.3525,41.41,100,90,5.01
30,Yar-Sale,RU,2021-09-28 11:38:44,66.8333,70.8333,37.74,72,100,7.63
31,Payakumbuh,ID,2021-09-28 11:38:45,-0.2202,100.6308,73.17,96,99,0.65
32,Luderitz,NA,2021-09-28 11:38:45,-26.6481,15.1594,66.54,53,81,29.08
33,Saskylakh,RU,2021-09-28 11:38:45,71.9167,114.0833,20.71,94,72,5.46
34,Nanlong,CN,2021-09-28 11:34:17,31.3533,106.0631,74.37,80,5,5.79
35,Qaanaaq,GL,2021-09-28 11:38:46,77.484,-69.3632,26.87,68,100,4.59
36,Port Hedland,AU,2021-09-28 11:38:46,-20.3167,118.5667,75.25,46,64,11.5
37,Abu Samrah,SY,2021-09-28 11:38:46,35.3029,37.1841,86.56,23,0,9.42
38,Puerto Quijarro,BO,2021-09-28 11:38:47,-17.7833,-57.7667,89.13,39,1,5.01
39,Agirish,RU,2021-09-28 11:38:47,61.9247,63.0231,41.0,63,100,2.06
40,Hilo,US,2021-09-28 11:38:47,19.7297,-155.09,71.8,87,20,0.0
41,State College,US,2021-09-28 11:34:02,40.7934,-77.86,63.79,93,90,1.01
42,Santa Lucia,ES,2021-09-28 11:38:48,27.9117,-15.5407,73.76,67,40,29.93
43,Ures,MX,2021-09-28 11:38:48,29.4333,-110.4,72.7,62,0,2.93
44,Isangel,VU,2021-09-28 11:38:49,-19.55,169.2667,71.47,76,65,11.21
45,Jamestown,US,2021-09-28 11:33:51,42.097,-79.2353,61.3,95,90,3.0
46,Vestmanna,FO,2021-09-28 11:38:49,62.1564,-7.1664,49.12,93,90,18.41
47,Codrington,AU,2021-09-28 11:38:49,-38.2667,141.9667,53.67,81,100,8.86
48,Bethel,US,2021-09-28 11:38:50,41.3712,-73.414,66.54,85,1,0.0
49,Hermanus,ZA,2021-09-28 11:38:50,-34.4187,19.2345,69.91,62,3,7.56
50,Alpena,US,2021-09-28 11:38:50,45.0617,-83.4327,51.12,96,1,0.0
51,Vestmannaeyjar,IS,2021-09-28 11:38:51,63.4427,-20.2734,41.99,75,90,16.11
52,Saldanha,ZA,2021-09-28 11:38:51,-33.0117,17.9442,68.05,61,0,14.29
53,Pangai,TO,2021-09-28 11:38:51,-19.8,-174.35,75.96,78,78,8.86
54,Alihe,CN,2021-09-28 11:38:51,50.5667,123.7167,42.4,87,95,13.22
55,Aknalich,AM,2021-09-28 11:38:52,40.1432,44.1498,75.18,22,0,1.45
56,Laguna,US,2021-09-28 11:38:52,38.421,-121.4238,60.64,70,1,4.61
57,Sitka,US,2021-09-28 11:38:52,57.0531,-135.33,44.49,87,90,5.75
58,Georgetown,MY,2021-09-28 11:38:53,5.4112,100.3354,85.98,75,20,1.01
59,Hasaki,JP,2021-09-28 11:38:53,35.7333,140.8333,68.4,74,25,13.24
60,Khor,RU,2021-09-28 11:38:53,47.8861,134.9464,56.7,87,10,6.38
61,Barrow,US,2021-09-28 11:38:54,71.2906,-156.7887,28.42,86,90,6.91
62,Khatanga,RU,2021-09-28 11:38:54,71.9667,102.5,30.15,67,100,5.91
63,Bredasdorp,ZA,2021-09-28 11:38:54,-34.5322,20.0403,65.28,43,4,10.38
64,Beloha,MG,2021-09-28 11:38:55,-25.1667,45.05,93.49,19,64,10.33
65,Matay,EG,2021-09-28 11:38:55,28.419,30.7792,89.67,23,0,13.06
66,Guerrero Negro,MX,2021-09-28 11:38:55,27.9769,-114.0611,69.44,75,95,12.68
67,Norman Wells,CA,2021-09-28 11:38:56,65.282,-126.8329,37.44,93,75,5.75
68,Dingle,PH,2021-09-28 11:38:56,10.9995,122.6711,78.66,89,93,2.44
69,Marawi,PH,2021-09-28 11:38:56,7.9986,124.2928,71.65,93,87,3.51
70,Fairbanks,US,2021-09-28 11:35:51,64.8378,-147.7164,27.23,83,1,1.14
71,Seoul,KR,2021-09-28 11:38:57,37.5683,126.9778,69.31,94,90,2.3
72,Cartersville,US,2021-09-28 11:38:57,34.1651,-84.7999,64.94,89,90,0.0
73,Vardo,NO,2021-09-28 11:38:57,70.3705,31.1107,56.95,66,0,31.07
74,Nikolskoye,RU,2021-09-28 11:38:58,59.7035,30.7861,53.87,59,34,5.88
75,San-Pedro,CI,2021-09-28 11:38:58,4.7485,-6.6363,84.24,65,99,0.76
76,Kapaa,US,2021-09-28 11:38:58,22.0752,-159.319,75.11,82,90,1.01
77,Kodiak,US,2021-09-28 11:38:59,57.79,-152.4072,43.88,89,100,15.57
78,Vostok,RU,2021-09-28 11:38:59,46.4856,135.8833,50.97,96,23,4.21
79,Dong Xoai,VN,2021-09-28 11:34:47,11.5333,106.9167,77.79,90,99,1.12
80,Hithadhoo,MV,2021-09-28 11:38:59,-0.6,73.0833,82.58,75,100,12.17
81,Bainbridge,US,2021-09-28 11:36:02,47.6262,-122.5212,55.09,86,40,4.0
82,Bagdarin,RU,2021-09-28 11:39:00,54.4333,113.6,32.05,64,100,4.97
83,Atuona,PF,2021-09-28 11:35:55,-9.8,-139.0333,77.2,75,21,19.26
84,Dubbo,AU,2021-09-28 11:39:00,-32.25,148.6167,57.33,82,40,6.91
85,Puerto Ayora,EC,2021-09-28 11:39:00,-0.7393,-90.3518,68.61,92,99,8.25
86,Santa Maria,BR,2021-09-28 11:39:01,-29.6842,-53.8069,63.7,100,90,6.91
87,Carnarvon,AU,2021-09-28 11:39:01,-24.8667,113.6333,69.87,60,59,14.97
88,Castro,BR,2021-09-28 11:39:01,-24.7911,-50.0119,75.02,48,0,3.74
89,Nenjiang,CN,2021-09-28 11:39:02,49.1833,125.2167,55.15,81,82,14.54
90,Touros,BR,2021-09-28 11:39:02,-5.1989,-35.4608,77.9,70,72,16.75
91,Lasa,IT,2021-09-28 11:39:02,46.6166,10.7002,71.02,50,48,4.88
92,Toora-Khem,RU,2021-09-28 11:39:03,52.4675,96.11,30.97,53,0,0.34
93,Victoria,HK,2021-09-28 11:35:22,22.2855,114.1577,85.96,83,8,1.99
94,Guymon,US,2021-09-28 11:39:03,36.6828,-101.4816,63.52,63,40,3.44
95,Mount Isa,AU,2021-09-28 11:39:03,-20.7333,139.5,83.97,26,74,6.91
96,Voh,NC,2021-09-28 11:39:04,-20.9667,164.7,66.09,87,76,5.73
97,Shache,CN,2021-09-28 11:39:04,38.4167,77.2406,82.99,11,0,3.91
98,Adrar,MR,2021-09-28 11:39:04,20.5022,-10.0711,101.97,7,2,11.32
99,Tiksi,RU,2021-09-28 11:39:05,71.6872,128.8694,31.19,95,99,4.09
100,San Quintin,MX,2021-09-28 11:39:05,30.4833,-115.95,66.34,78,98,12.82
101,Saint George,US,2021-09-28 11:35:59,37.1041,-113.5841,71.35,56,1,1.01
102,Bambous Virieux,MU,2021-09-28 11:39:06,-20.3428,57.7575,76.21,64,75,13.8
103,Arraial Do Cabo,BR,2021-09-28 11:37:02,-22.9661,-42.0278,75.16,88,40,16.11
104,Libenge,CD,2021-09-28 11:39:06,3.65,18.6333,93.24,40,52,1.92
105,Vila,PT,2021-09-28 11:39:06,42.0304,-8.1588,59.7,74,56,5.21
106,Cape Town,ZA,2021-09-28 11:34:22,-33.9258,18.4232,70.12,49,20,12.66
107,Cherskiy,RU,2021-09-28 11:39:07,68.75,161.3,22.3,92,100,11.27
108,Santa Cruz,BO,2021-09-28 11:39:07,-17.8,-63.1667,76.46,83,20,11.5
109,Puerto Escondido,MX,2021-09-28 11:39:07,15.85,-97.0667,77.83,80,99,4.09
110,Saint Anthony,US,2021-09-28 11:39:08,45.0205,-93.218,59.14,87,1,3.0
111,Polunochnoye,RU,2021-09-28 11:39:08,60.8697,60.4153,41.94,65,100,1.95
112,Agadir,MA,2021-09-28 11:39:08,30.4202,-9.5982,81.05,49,4,7.96
113,Spassk,RU,2021-09-28 11:39:09,52.747,87.7545,38.71,62,100,0.96
114,Avarua,CK,2021-09-28 11:39:09,-21.2078,-159.775,73.45,88,68,5.75
115,Narsaq,GL,2021-09-28 11:39:09,60.9167,-46.05,26.82,44,2,4.25
116,Bilibino,RU,2021-09-28 11:39:10,68.0546,166.4372,9.32,99,100,2.89
117,Praia,CV,2021-09-28 11:39:06,14.9215,-23.5087,84.74,65,20,14.97
118,Lorengau,PG,2021-09-28 11:39:10,-2.0226,147.2712,81.77,75,14,7.47
119,Itarema,BR,2021-09-28 11:39:10,-2.9248,-39.9167,86.63,57,24,17.27
120,Envira,BR,2021-09-28 11:39:11,-7.3,-70.2167,77.76,77,3,3.4
121,Samur,RU,2021-09-28 11:39:11,41.8253,48.486,59.76,82,100,4.61
122,Berlevag,NO,2021-09-28 11:39:11,70.8578,29.0864,59.0,51,0,32.21
123,Puerto Colombia,CO,2021-09-28 11:39:11,10.9878,-74.9547,82.49,87,100,8.77
124,Millau,FR,2021-09-28 11:39:12,44.0833,2.9167,72.0,40,85,3.58
125,Nabire,ID,2021-09-28 11:39:12,-3.3667,135.4833,78.98,86,86,2.46
126,Bengkulu,ID,2021-09-28 11:39:12,-3.8004,102.2655,78.24,89,100,2.68
127,Butaritari,KI,2021-09-28 11:39:13,3.0707,172.7902,82.33,80,66,20.74
128,San Antonio,US,2021-09-28 11:37:14,29.4241,-98.4936,78.55,89,75,4.61
129,Tasiilaq,GL,2021-09-28 11:39:13,65.6145,-37.6368,27.84,52,6,5.97
130,Ponta Delgada,PT,2021-09-28 11:39:13,37.7333,-25.6667,78.49,83,20,8.05
131,Waipawa,NZ,2021-09-28 11:39:14,-41.4122,175.5153,40.3,84,24,4.38
132,Southbridge,US,2021-09-28 11:39:14,42.0751,-72.0334,65.26,93,87,6.44
133,Port Lincoln,AU,2021-09-28 11:39:14,-34.7333,135.8667,56.93,86,13,4.92
134,Ribeira Grande,PT,2021-09-28 11:39:15,38.5167,-28.7,75.6,73,40,12.66
135,Kaeng Khoi,TH,2021-09-28 11:39:15,14.5862,100.9976,82.17,83,77,2.3
136,Along,IN,2021-09-28 11:39:15,28.1667,94.7667,79.32,81,1,0.6
137,Zuya,UA,2021-09-28 11:39:16,45.0531,34.3154,59.16,47,56,7.45
138,Praya,CV,2021-09-28 11:39:06,14.9215,-23.5087,84.74,65,20,14.97
139,Padang,ID,2021-09-28 11:39:16,-0.9492,100.3543,75.25,87,99,3.11
140,High Level,CA,2021-09-28 11:39:16,58.5169,-117.136,48.31,100,90,5.75
141,Poum,NC,2021-09-28 11:39:17,-20.2333,164.0167,72.21,74,52,8.61
142,Malindi,KE,2021-09-28 11:39:17,-3.2175,40.1191,81.5,71,53,15.97
143,Copiapo,CL,2021-09-28 11:39:17,-27.3667,-70.3333,49.69,25,0,0.74
144,Mattru,SL,2021-09-28 11:39:18,7.6244,-11.8332,85.62,60,99,3.47
145,Kununurra,AU,2021-09-28 11:39:18,-15.7667,128.7333,89.58,48,81,9.22
146,Coahuayana,MX,2021-09-28 11:39:18,18.7333,-103.6833,74.41,86,97,3.71
147,Ramgarh,IN,2021-09-28 11:39:19,23.6333,85.5167,84.25,81,73,4.99
148,Upernavik,GL,2021-09-28 11:39:19,72.7868,-56.1549,25.88,50,16,4.16
149,Haines Junction,CA,2021-09-28 11:39:19,60.7522,-137.5108,28.35,74,58,3.44
150,Dunedin,NZ,2021-09-28 11:39:19,-45.8742,170.5036,46.8,65,69,5.79
151,Ilulissat,GL,2021-09-28 11:39:20,69.2167,-51.1,24.82,36,1,17.27
152,Voyvozh,RU,2021-09-28 11:39:20,62.892,54.9635,41.13,73,99,4.5
153,Te Anau,NZ,2021-09-28 11:39:20,-45.4167,167.7167,40.1,96,77,4.65
154,Mawlaik,MM,2021-09-28 11:39:21,23.6333,94.4167,79.54,86,50,2.46
155,Leningradskiy,RU,2021-09-28 11:39:21,69.3833,178.4167,22.89,96,100,6.22
156,Dobson,US,2021-09-28 11:39:21,36.3957,-80.7226,67.32,89,4,4.41
157,Le Port,RE,2021-09-28 11:39:22,-20.9373,55.2919,78.8,70,16,5.75
158,Buchanan,LR,2021-09-28 11:39:22,5.8808,-10.0467,85.96,68,75,4.47
159,Pascagoula,US,2021-09-28 11:36:52,30.3658,-88.5561,75.25,100,90,0.0
160,Kargasok,RU,2021-09-28 11:39:22,59.0556,80.8572,40.87,74,74,7.47
161,West Lafayette,US,2021-09-28 11:39:23,40.4259,-86.9081,61.21,97,90,3.44
162,Airai,TL,2021-09-28 11:39:23,-8.9266,125.4092,61.47,87,90,0.36
163,Orocue,CO,2021-09-28 11:39:23,4.7912,-71.3354,78.08,81,90,1.52
164,Sao Filipe,CV,2021-09-28 11:39:24,14.8961,-24.4956,81.23,75,11,5.93
165,Midland,US,2021-09-28 11:39:24,31.9974,-102.0779,71.85,69,1,0.0
166,Nanortalik,GL,2021-09-28 11:39:24,60.1432,-45.2371,37.31,56,2,7.85
167,Malkangiri,IN,2021-09-28 11:39:25,18.35,81.9,79.12,91,90,3.62
168,Evensk,RU,2021-09-28 11:39:25,61.95,159.2333,31.19,49,78,6.93
169,Sola,VU,2021-09-28 11:39:25,-13.8833,167.55,79.18,83,51,17.6
170,Korisos,GR,2021-09-28 11:39:26,40.5,21.3833,81.61,30,98,4.47
171,Mount Gambier,AU,2021-09-28 11:39:26,-37.8333,140.7667,58.91,72,90,13.8
172,Salalah,OM,2021-09-28 11:39:26,17.0151,54.0924,89.69,62,20,5.75
173,Izhma,RU,2021-09-28 11:39:26,65.0083,53.9113,45.1,91,100,4.03
174,East London,ZA,2021-09-28 11:35:55,-33.0153,27.9116,61.74,88,40,13.8
175,Port Hardy,CA,2021-09-28 11:39:27,50.6996,-127.4199,51.8,93,75,4.61
176,Hermiston,US,2021-09-28 11:39:27,45.8404,-119.2895,55.42,80,1,11.5
177,Alice Springs,AU,2021-09-28 11:39:27,-23.7,133.8833,78.35,15,49,9.22
178,Clyde River,CA,2021-09-28 11:39:28,70.4692,-68.5914,28.56,82,100,10.04
179,Morogoro,TZ,2021-09-28 11:39:28,-6.8167,37.6667,91.8,28,13,7.09
180,Necochea,AR,2021-09-28 11:39:28,-38.5473,-58.7368,48.99,48,3,6.08
181,Owase,JP,2021-09-28 11:39:29,34.0667,136.2,70.59,86,61,3.49
182,Ola,RU,2021-09-28 11:39:29,59.5833,151.2833,43.97,93,100,6.71
183,Biloela,AU,2021-09-28 11:39:29,-24.4167,150.5,61.77,77,93,10.87
184,Muzhi,RU,2021-09-28 11:39:30,65.3667,64.6667,40.64,65,98,4.68
185,Ponta Do Sol,PT,2021-09-28 11:39:30,32.6667,-17.1,81.72,65,32,2.37
186,Manono,CD,2021-09-28 11:39:30,-7.3,27.4167,93.45,33,61,3.67
187,Dudinka,RU,2021-09-28 11:39:31,69.4058,86.1778,32.95,70,94,2.86
188,Aleksandrovskiy Zavod,RU,2021-09-28 11:39:31,50.9237,117.9374,34.05,62,64,7.25
189,Tual,ID,2021-09-28 11:39:31,-5.6667,132.75,81.61,84,89,8.59
190,Uyuni,BO,2021-09-28 11:39:32,-20.4597,-66.825,46.96,20,2,1.07
191,Samarai,PG,2021-09-28 11:39:32,-10.6167,150.6667,78.82,87,99,14.41
192,New Norfolk,AU,2021-09-28 11:39:32,-42.7826,147.0587,49.71,68,100,1.68
193,Constitucion,CL,2021-09-28 11:35:56,-35.3333,-72.4167,52.47,50,0,3.74
194,Tornio,FI,2021-09-28 11:39:33,65.8481,24.1466,53.62,83,100,9.86
195,Conde,BR,2021-09-28 11:39:33,-7.2597,-34.9075,78.26,83,75,12.66
196,Rundu,NA,2021-09-28 11:39:33,-17.9333,19.7667,98.01,7,0,6.44
197,Vila Velha,BR,2021-09-28 11:38:27,-20.3297,-40.2925,76.95,73,75,9.22
198,Meulaboh,ID,2021-09-28 11:39:34,4.1363,96.1285,76.62,91,100,7.63
199,North Ogden,US,2021-09-28 11:37:48,41.3072,-111.9602,70.48,33,1,1.01
200,Catuday,PH,2021-09-28 11:39:34,16.2923,119.8062,81.99,76,27,0.89
201,Skagen,DK,2021-09-28 11:39:34,57.7209,10.5839,62.28,78,38,8.16
202,Kaeo,NZ,2021-09-28 11:39:35,-35.1,173.7833,45.32,87,4,4.52
203,Farmington,US,2021-09-28 11:35:30,36.7281,-108.2187,54.28,96,90,0.0
204,Sumenep,ID,2021-09-28 11:39:35,-7.0167,113.8667,82.35,71,56,14.61
205,Kyabe,TD,2021-09-28 11:39:36,9.4515,18.9449,80.31,70,100,3.4
206,Lazaro Cardenas,MX,2021-09-28 11:39:36,17.9583,-102.2,75.76,81,100,4.56
207,Parana,AR,2021-09-28 11:39:36,-31.732,-60.5238,61.57,92,94,8.3
208,Portobelo,PA,2021-09-28 11:39:37,9.55,-79.65,77.41,82,99,4.68
209,North Platte,US,2021-09-28 11:36:30,41.1239,-100.7654,60.39,87,1,0.0
210,Longyearbyen,SJ,2021-09-28 11:39:37,78.2186,15.6401,35.44,93,75,10.36
211,Kaitangata,NZ,2021-09-28 11:39:37,-46.2817,169.8464,46.92,73,59,5.26
212,Chicama,PE,2021-09-28 11:39:38,-7.8447,-79.1469,57.74,86,39,2.51
213,Khonsa,IN,2021-09-28 11:39:38,27.0167,95.5667,69.75,96,12,4.41
214,Maldonado,UY,2021-09-28 11:39:38,-34.6667,-54.9167,56.59,85,95,11.39
215,Chuy,UY,2021-09-28 11:39:39,-33.6971,-53.4616,60.66,89,100,11.12
216,Iqaluit,CA,2021-09-28 11:39:39,63.7506,-68.5145,29.93,74,75,5.99
217,Itaituba,BR,2021-09-28 11:39:39,-4.2761,-55.9836,75.36,94,75,2.42
218,Kahului,US,2021-09-28 11:39:40,20.8947,-156.47,76.84,80,20,21.85
219,Dawei,MM,2021-09-28 11:39:40,14.0833,98.2,78.57,91,89,2.46
220,Cockburn Town,TC,2021-09-28 11:35:45,21.4612,-71.1419,82.74,73,92,8.9
221,Ixtapa,MX,2021-09-28 11:39:40,20.7,-105.2,77.23,95,100,2.64
222,Palu,ID,2021-09-28 11:39:41,-0.8917,119.8707,77.32,96,92,1.83
223,Ostrovnoy,RU,2021-09-28 11:39:41,68.0531,39.5131,54.9,75,75,12.82
224,Manta,EC,2021-09-28 11:39:41,-0.95,-80.7333,71.38,88,90,11.5
225,Hay River,CA,2021-09-28 11:39:42,60.8156,-115.7999,48.18,93,75,5.75
226,Huarmey,PE,2021-09-28 11:39:42,-10.0681,-78.1522,62.26,86,33,5.28
227,Manzil Kamil,TN,2021-09-28 11:39:42,35.6248,10.6673,87.98,54,20,11.5
228,La Ronge,CA,2021-09-28 11:39:43,55.1001,-105.2842,52.05,87,1,6.91
229,Sasovo,RU,2021-09-28 11:39:43,54.3537,41.9199,47.53,59,100,10.78
230,Bahia Blanca,AR,2021-09-28 11:35:54,-38.7196,-62.2724,52.95,48,14,9.28
231,El Tigre,VE,2021-09-28 11:37:46,8.8875,-64.2454,77.47,80,49,9.53
232,Severo-Kurilsk,RU,2021-09-28 11:39:43,50.6789,156.125,48.52,72,39,5.91
233,Klaksvik,FO,2021-09-28 11:39:44,62.2266,-6.589,50.92,83,92,26.66
234,Barbacena,BR,2021-09-28 11:39:44,-21.2258,-43.7736,62.11,88,75,10.36
235,La Sarre,CA,2021-09-28 11:38:38,48.8002,-79.1996,40.21,90,73,6.93
236,Omboue,GA,2021-09-28 11:39:45,-1.5746,9.2618,78.51,79,100,8.97
237,Ambilobe,MG,2021-09-28 11:39:45,-13.2,49.05,85.48,43,90,11.63
238,Kuusamo,FI,2021-09-28 11:39:45,65.9667,29.1833,57.24,58,0,9.22
239,Phan Thiet,VN,2021-09-28 11:39:45,10.9333,108.1,79.41,86,85,4.81
240,Ichinohe,JP,2021-09-28 11:39:46,40.2069,141.3017,55.78,95,37,4.59
241,Lompoc,US,2021-09-28 11:39:46,34.6391,-120.4579,60.39,91,90,5.75
242,Flin Flon,CA,2021-09-28 11:39:46,54.7682,-101.865,48.04,87,1,9.22
243,Erenhot,CN,2021-09-28 11:39:47,43.6475,111.9767,56.1,22,24,20.18
244,Christchurch,NZ,2021-09-28 11:39:47,-43.5333,172.6333,42.03,80,0,1.14
245,Nancha,CN,2021-09-28 11:39:47,47.1333,129.2667,55.54,93,1,3.89
246,Chokurdakh,RU,2021-09-28 11:39:48,70.6333,147.9167,26.55,96,98,13.13
247,Ahipara,NZ,2021-09-28 11:39:48,-35.1667,173.1667,50.0,77,10,6.71
248,Aasiaat,GL,2021-09-28 11:39:48,68.7098,-52.8699,12.83,78,44,11.12
249,Trelew,AR,2021-09-28 11:39:48,-43.249,-65.3051,52.52,33,43,10.96
250,Sambava,MG,2021-09-28 11:39:49,-14.2667,50.1667,77.88,68,65,15.28
251,Banepa,NP,2021-09-28 11:39:49,27.6298,85.5214,68.32,94,75,4.61
252,Mar Del Plata,AR,2021-09-28 11:39:49,-38.0023,-57.5575,51.13,80,0,4.0
253,Vilhena,BR,2021-09-28 11:38:19,-12.7406,-60.1458,80.64,53,4,3.09
254,Takoradi,GH,2021-09-28 11:39:50,4.8845,-1.7554,80.55,76,97,5.44
255,Cavalcante,BR,2021-09-28 11:39:50,-13.7975,-47.4583,81.59,36,28,10.2
256,Syamzha,RU,2021-09-28 11:39:50,60.0158,41.0614,51.06,60,74,3.94
257,Morganton,US,2021-09-28 11:39:51,35.7454,-81.6848,66.65,96,1,1.99
258,Eyl,SO,2021-09-28 11:39:51,7.9803,49.8164,93.04,46,11,23.33
259,Broken Hill,AU,2021-09-28 11:39:51,-31.95,141.4333,67.71,37,40,11.5
260,Chizhou,CN,2021-09-28 11:39:52,30.6578,117.4831,80.69,79,0,1.48
261,Deputatskiy,RU,2021-09-28 11:39:52,69.3,139.9,17.96,81,28,3.74
262,Nelson,NZ,2021-09-28 11:39:52,-41.2833,173.2833,45.7,87,10,4.0
263,Hamilton,US,2021-09-28 11:39:53,39.1834,-84.5333,67.39,89,1,1.01
264,Mitsamiouli,KM,2021-09-28 11:39:53,-11.3847,43.2844,84.49,70,20,13.8
265,Kibungo,RW,2021-09-28 11:39:53,-2.1597,30.5427,79.72,38,71,6.08
266,Vila Franca Do Campo,PT,2021-09-28 11:39:53,37.7167,-25.4333,78.19,72,15,6.69
267,Provideniya,RU,2021-09-28 11:39:54,64.3833,-173.3,30.67,81,100,0.63
268,Tucurui,BR,2021-09-28 11:39:54,-3.7661,-49.6725,84.15,63,0,5.3
269,Husavik,IS,2021-09-28 11:39:54,66.0449,-17.3389,31.91,96,100,42.7
270,Kudahuvadhoo,MV,2021-09-28 11:39:55,2.6708,72.8944,82.9,77,97,16.26
271,Pevek,RU,2021-09-28 11:39:55,69.7008,170.3133,23.05,79,100,6.71
272,Tonota,BW,2021-09-28 11:39:55,-21.4833,27.4833,95.5,10,0,5.14
273,Itoman,JP,2021-09-28 11:39:56,26.1247,127.6694,84.22,80,20,11.5
274,Sweetwater,US,2021-09-28 11:39:56,25.7634,-80.3731,80.98,82,20,3.44
275,Yenagoa,NG,2021-09-28 11:39:56,4.9247,6.2642,87.58,59,53,6.69
276,Iskateley,RU,2021-09-28 11:39:57,67.6803,53.1512,47.46,70,89,6.51
277,Harij,IN,2021-09-28 11:39:57,23.7,71.9,91.15,60,69,6.04
278,Vanimo,PG,2021-09-28 11:39:57,-2.6741,141.3028,79.61,87,93,5.7
279,Milkovo,RU,2021-09-28 11:39:58,54.7167,158.6167,43.47,74,91,5.37
280,Lipin Bor,RU,2021-09-28 11:39:58,60.2622,37.9763,50.7,66,57,3.65
281,Jambi,ID,2021-09-28 11:39:58,-1.6,103.6167,76.73,93,97,1.45
282,Rocha,UY,2021-09-28 11:39:59,-34.4833,-54.3333,60.96,82,80,11.21
283,Pundaguitan,PH,2021-09-28 11:39:59,6.3711,126.1689,84.74,74,90,14.7
284,Turayf,SA,2021-09-28 11:39:59,31.6725,38.6637,86.25,32,0,6.91
285,Grants,US,2021-09-28 11:39:59,35.1473,-107.8514,48.43,93,90,0.0
286,Trairi,BR,2021-09-28 11:35:38,-3.2778,-39.2689,87.08,52,5,14.92
287,Pilar,BR,2021-09-28 11:40:00,-9.5972,-35.9567,82.33,59,83,10.4
288,Diamantino,BR,2021-09-28 11:40:00,-14.4086,-56.4461,83.98,55,33,4.74
289,George,ZA,2021-09-28 11:40:00,-33.963,22.4617,62.15,55,40,8.05
290,Abnub,EG,2021-09-28 11:40:01,27.2696,31.1511,90.16,22,0,15.43
291,Acs,HU,2021-09-28 11:40:01,47.7123,18.0113,74.01,73,20,13.8
292,Lebu,CL,2021-09-28 11:40:03,-37.6167,-73.65,48.43,62,7,7.49
293,Bandar-E Lengeh,IR,2021-09-28 11:40:03,26.5579,54.8807,95.11,59,2,11.5
294,Jalu,LY,2021-09-28 11:40:03,29.0331,21.5482,89.49,22,0,9.26
295,Shaoguan,CN,2021-09-28 11:40:04,24.8,113.5833,84.2,66,35,2.39
296,Pangnirtung,CA,2021-09-28 11:40:04,66.1451,-65.7125,26.6,86,75,2.3
297,Muros,ES,2021-09-28 11:40:04,42.7762,-9.0603,68.68,65,8,5.41
298,Mazamari,PE,2021-09-28 11:40:05,-11.3258,-74.5308,75.06,74,71,0.74
299,Shelburne,CA,2021-09-28 11:40:05,44.0787,-80.2041,47.57,98,53,5.12
300,Hofn,IS,2021-09-28 11:40:05,64.2539,-15.2082,46.11,70,100,20.33
301,Lamar,US,2021-09-28 11:40:06,33.6668,-95.5836,69.46,89,1,4.61
302,Jaciara,BR,2021-09-28 11:40:06,-15.9653,-54.9683,87.85,41,7,2.39
303,Pisco,PE,2021-09-28 11:40:06,-13.7,-76.2167,55.02,87,5,2.3
304,Esperance,AU,2021-09-28 11:40:06,-33.8667,121.9,53.44,83,75,10.94
305,Bida,NG,2021-09-28 11:40:07,9.0833,6.0167,90.28,55,38,3.98
306,Srednekolymsk,RU,2021-09-28 11:40:07,67.45,153.6833,20.68,70,46,12.37
307,Qeshm,IR,2021-09-28 11:40:07,26.9581,56.2719,96.69,59,2,9.15
308,Pitimbu,BR,2021-09-28 11:40:08,-7.4706,-34.8086,79.39,75,53,18.79
309,Coihaique,CL,2021-09-28 11:40:08,-45.5752,-72.0662,44.55,70,40,4.61
310,Tura,IN,2021-09-28 11:40:08,25.5198,90.2201,75.24,96,64,4.36
311,Lata,PT,2021-09-28 11:40:09,40.1629,-8.3327,69.04,42,66,10.49
312,Praia Da Vitoria,PT,2021-09-28 11:40:09,38.7333,-27.0667,74.75,94,75,14.81
313,Sorong,ID,2021-09-28 11:40:09,-0.8833,131.25,79.56,85,100,3.15
314,Lagoa,PT,2021-09-28 11:40:10,39.05,-27.9833,68.25,79,77,17.47
315,Olafsvik,IS,2021-09-28 11:40:10,64.8945,-23.7142,36.63,80,100,31.32
316,Bowen,AU,2021-09-28 11:40:10,-20.0167,148.2333,70.02,63,37,17.2
317,Yerbogachen,RU,2021-09-28 11:40:11,61.2767,108.0108,38.23,67,97,9.55
318,Paamiut,GL,2021-09-28 11:40:11,61.994,-49.6678,33.6,53,0,7.58
319,Sarvar,HU,2021-09-28 11:40:11,47.2539,16.9352,73.72,46,53,14.83
320,La Libertad,EC,2021-09-28 11:40:12,-2.2333,-80.9,69.46,88,40,11.5
321,Traunstein,DE,2021-09-28 11:40:12,47.8833,12.65,67.66,77,83,3.67
322,Celestun,MX,2021-09-28 11:40:12,20.8667,-90.4,75.09,90,21,8.1
323,Kavaratti,IN,2021-09-28 11:40:13,10.5669,72.642,81.72,78,81,19.75
324,Maniitsoq,GL,2021-09-28 11:40:13,65.4167,-52.9,34.43,39,0,5.7
325,Georgiyevka,KZ,2021-09-28 11:40:13,43.0369,74.7114,75.24,25,40,6.71
326,Rostovka,RU,2021-09-28 11:40:14,55.3842,71.8891,45.9,48,100,13.24
327,Atar,MR,2021-09-28 11:40:14,20.5169,-13.0499,105.08,7,0,11.52
328,Pacocha,PE,2021-09-28 11:40:14,-17.5833,-71.3333,57.34,82,90,6.91
329,Camopi,GF,2021-09-28 11:40:15,3.1655,-52.3158,81.55,72,35,3.78
330,Usinsk,RU,2021-09-28 11:40:15,65.9939,57.5281,38.95,95,100,4.23
331,Shaoxing,CN,2021-09-28 11:40:15,30.011,120.5715,82.35,77,33,3.09
332,Vao,NC,2021-09-28 11:40:16,-22.6667,167.4833,68.49,72,15,13.0
333,Sheregesh,RU,2021-09-28 11:40:16,52.9209,87.9869,36.36,61,100,1.61
334,Truth Or Consequences,US,2021-09-28 11:40:00,33.1284,-107.2528,60.15,73,40,3.44
335,Kavieng,PG,2021-09-28 11:40:16,-2.5744,150.7967,82.67,74,51,8.43
336,Joniskis,LT,2021-09-28 11:40:17,56.2403,23.6153,58.12,50,15,12.08
337,Tangshan,CN,2021-09-28 11:40:17,39.6333,118.1833,66.52,91,100,5.5
338,Najran,SA,2021-09-28 11:40:17,17.4924,44.1277,97.45,10,58,9.86
339,Wasilla,US,2021-09-28 11:40:18,61.5814,-149.4394,31.75,63,1,1.99
340,Behshahr,IR,2021-09-28 11:40:18,36.6923,53.5526,76.95,48,0,10.33
341,Goderich,CA,2021-09-28 11:40:18,43.7501,-81.7165,51.91,93,39,4.61
342,Sebinkarahisar,TR,2021-09-28 11:40:19,40.2883,38.4236,63.03,41,2,3.31
343,Saint-Augustin,CA,2021-09-28 11:40:19,51.226,-58.6502,51.66,81,37,5.23
344,Harper,LR,2021-09-28 11:40:19,4.375,-7.7169,80.83,77,99,4.94
345,Rio Cuarto,AR,2021-09-28 11:36:30,-33.1307,-64.3499,47.97,100,90,9.22
346,Cayenne,GF,2021-09-28 11:40:20,4.9333,-52.3333,77.04,88,75,5.75
347,Mwinilunga,ZM,2021-09-28 11:40:20,-11.7358,24.4293,90.86,19,73,3.94
348,Mendi,PG,2021-09-28 11:40:20,-6.1761,143.6513,57.06,98,100,1.54
349,Jacareacanga,BR,2021-09-28 11:40:21,-6.2222,-57.7528,81.7,65,94,3.4
350,Tres Lagoas,BR,2021-09-28 11:40:21,-20.7511,-51.6783,87.26,31,0,7.85
351,Tilichiki,RU,2021-09-28 11:40:21,60.4667,166.1,35.69,96,100,4.94
352,Hurricane,US,2021-09-28 11:36:00,37.1753,-113.2899,69.4,61,44,0.89
353,Isiro,CD,2021-09-28 11:40:22,2.7739,27.616,87.28,47,38,1.43
354,Sisimiut,GL,2021-09-28 11:40:22,66.9395,-53.6735,30.2,43,0,10.76
355,Huntsville,US,2021-09-28 11:35:32,34.7304,-86.5861,62.96,97,1,0.0
356,Mahebourg,MU,2021-09-28 11:40:22,-20.4081,57.7,76.24,64,75,13.8
357,La Romana,DO,2021-09-28 11:40:23,18.4273,-68.9728,78.53,100,20,0.0
358,Rurrenabaque,BO,2021-09-28 11:40:23,-14.4413,-67.5278,79.61,63,92,0.29
359,Samastipur,IN,2021-09-28 11:40:23,25.85,85.7833,88.11,66,88,4.25
360,Alofi,NU,2021-09-28 11:40:23,-19.0595,-169.9187,73.29,100,19,5.75
361,Kushima,JP,2021-09-28 11:40:24,31.4583,131.2333,76.51,91,22,8.43
362,Kilimatinde,TZ,2021-09-28 11:40:24,-5.85,34.95,91.44,22,12,6.46
363,Cap-Aux-Meules,CA,2021-09-28 11:40:24,47.3821,-61.8597,59.05,94,75,12.66
364,Kasungu,MW,2021-09-28 11:40:25,-13.0333,33.4833,88.57,24,50,9.35
365,Salitral,PE,2021-09-28 11:40:25,-4.8572,-80.6811,65.79,78,56,2.66
366,Thompson,CA,2021-09-28 11:40:25,55.7435,-97.8558,46.56,87,1,5.75
367,Greymouth,NZ,2021-09-28 11:39:14,-42.4667,171.2,43.36,90,35,3.15
368,Taywarah,AF,2021-09-28 11:40:26,33.35,64.4167,71.4,10,0,8.41
369,San Patricio,US,2021-09-28 11:40:26,28.017,-97.5169,80.89,88,100,5.95
370,Redwater,US,2021-09-28 11:40:26,33.3582,-94.2544,73.69,89,45,3.33
371,Saint-Joseph,RE,2021-09-28 11:40:27,-21.3667,55.6167,77.38,75,23,13.58
372,Mountain Home,US,2021-09-28 11:40:27,43.133,-115.6912,53.08,62,1,21.85
373,Acapulco,MX,2021-09-28 11:40:27,16.8634,-99.8901,75.99,86,85,3.96
374,Subate,LV,2021-09-28 11:40:27,56.0062,25.9076,57.16,55,74,5.48
375,Kurilsk,RU,2021-09-28 11:40:28,45.2333,147.8833,52.43,86,100,10.74
376,Sabla,NG,2021-09-28 11:40:28,12.7525,4.7077,92.79,40,97,4.56
377,Korla,CN,2021-09-28 11:40:28,41.7597,86.1469,76.35,18,2,3.06
378,San Cristobal,VE,2021-09-28 11:40:29,7.7669,-72.225,68.18,74,81,3.49
379,Aykhal,RU,2021-09-28 11:40:29,66.0,111.5,27.95,71,100,10.4
380,Sortavala,RU,2021-09-28 11:40:29,61.7053,30.6918,51.93,74,36,4.34
381,Grimshaw,CA,2021-09-28 11:40:30,56.1834,-117.6027,43.16,100,90,5.75
382,Cabo San Lucas,MX,2021-09-28 11:38:17,22.8909,-109.9124,81.52,75,2,10.96
383,Aleksandrovskoye,RU,2021-09-28 11:40:30,44.7142,43.0008,51.94,74,99,2.62
384,Zyryanka,RU,2021-09-28 11:40:30,65.75,150.85,24.42,67,71,12.48
385,Orichi,RU,2021-09-28 11:40:31,58.4036,49.0572,47.23,50,53,6.55
386,Clarence Town,AU,2021-09-28 11:40:31,-32.5833,151.7833,62.51,69,52,5.08
387,Asau,RO,2021-09-28 11:40:31,46.4333,26.4,54.75,68,95,4.65
388,Geraldton,AU,2021-09-28 11:40:32,-28.7667,114.6,63.12,77,0,6.91
389,Iracoubo,GF,2021-09-28 11:40:32,5.4802,-53.2011,80.15,85,62,8.43
390,Muravlenko,RU,2021-09-28 11:40:32,63.7898,74.523,39.38,66,29,6.67
391,Nouakchott,MR,2021-09-28 11:40:33,18.0858,-15.9785,94.93,59,0,6.4
392,Boa Vista,BR,2021-09-28 11:40:33,2.8197,-60.6733,76.98,78,90,0.0
393,Mayo,US,2021-09-28 11:40:33,38.8876,-76.5119,67.12,84,1,1.01
394,Salama,HN,2021-09-28 11:40:33,14.8333,-86.5833,64.63,97,36,1.57
395,Naze,JP,2021-09-28 11:40:34,28.3667,129.4833,79.03,78,4,19.17
396,Bosaso,SO,2021-09-28 11:40:34,11.2842,49.1816,93.18,66,20,8.05
397,Panjab,AF,2021-09-28 11:40:34,34.388,67.0233,71.56,9,0,9.06
398,Bosobolo,CD,2021-09-28 11:40:35,4.1833,19.9,87.39,57,83,0.54
399,Matamoros,MX,2021-09-28 11:40:35,25.5333,-103.25,68.11,76,9,1.95
400,Menongue,AO,2021-09-28 11:40:35,-14.6585,17.691,101.37,9,6,1.34
401,Gazojak,TM,2021-09-28 11:40:36,41.1875,61.4036,77.13,23,8,5.26
402,Puerto Penasco,MX,2021-09-28 11:40:36,31.3167,-113.5333,81.91,69,0,13.0
403,Neftcala,AZ,2021-09-28 11:40:36,39.3742,49.2472,70.25,67,100,13.0
404,Saint-Pierre,RE,2021-09-28 11:40:37,-21.3393,55.4781,78.44,69,35,26.46
405,Komsomolskiy,UZ,2021-09-28 11:40:37,40.4272,71.7189,81.32,28,5,4.61
406,Barsi,IN,2021-09-28 11:40:37,18.2333,75.7,72.27,91,100,7.38
407,Talnakh,RU,2021-09-28 11:40:37,69.4865,88.3972,32.99,65,68,2.55
408,Hirara,JP,2021-09-28 11:40:38,24.8,125.2833,80.87,78,20,8.05
409,Labrea,BR,2021-09-28 11:40:38,-7.2586,-64.7981,74.52,93,81,2.66
410,Urumqi,CN,2021-09-28 11:36:13,43.801,87.6005,67.15,21,0,8.95
411,Dali,CN,2021-09-28 11:40:38,25.7,100.1833,63.99,83,60,3.69
412,Cidreira,BR,2021-09-28 11:40:39,-30.1811,-50.2056,69.21,83,64,7.38
413,Rassvet,RU,2021-09-28 11:40:39,46.8333,40.75,63.7,61,66,13.42
414,Altamont,US,2021-09-28 11:40:39,42.2068,-121.7372,39.78,87,75,6.91
415,Haysville,US,2021-09-28 11:40:40,37.5645,-97.3523,69.3,69,1,9.22
416,Kerouane,GN,2021-09-28 11:40:40,9.2667,-9.0167,85.82,57,28,2.19
417,Pemba,MZ,2021-09-28 11:40:40,-12.974,40.5178,84.9,61,20,12.66
418,Sambir,UA,2021-09-28 11:40:41,49.5183,23.1975,57.87,65,22,4.0
419,Luklukan,PH,2021-09-28 11:40:41,14.3254,122.7124,80.37,87,66,1.83
420,Flinders,AU,2021-09-28 11:40:41,-34.5833,150.8552,64.2,76,64,6.2
421,Manavalakurichi,IN,2021-09-28 11:40:42,8.1333,77.3,82.49,82,95,16.33
422,Entre Rios,BR,2021-09-28 11:40:42,-11.9419,-38.0844,82.22,51,22,7.83
423,Pompeu,BR,2021-09-28 11:40:42,-19.2244,-44.9353,78.8,42,50,6.31
424,San Carlos De Bariloche,AR,2021-09-28 11:36:29,-41.1456,-71.3082,35.44,52,0,4.61
425,Salto,UY,2021-09-28 11:40:43,-31.3833,-57.9667,61.88,97,91,11.01
426,Dicabisagan,PH,2021-09-28 11:40:43,17.0818,122.4157,79.92,88,35,5.64
427,Andenes,NO,2021-09-28 11:40:43,69.3143,16.1194,64.38,42,0,11.5
428,Sapouy,BF,2021-09-28 11:40:44,11.5544,-1.7736,92.37,42,3,4.29
429,Nortelandia,BR,2021-09-28 11:40:44,-14.4547,-56.8028,84.27,55,33,4.36
430,Broome,US,2021-09-28 11:40:44,42.2506,-75.833,63.86,78,20,5.75
431,Lima,PE,2021-09-28 11:40:45,-12.0432,-77.0282,58.39,87,90,4.61
432,Santo Amaro,BR,2021-09-28 11:40:45,-12.5467,-38.7119,80.64,54,6,7.2
433,Barretos,BR,2021-09-28 11:37:21,-20.5572,-48.5678,86.45,31,0,5.91
434,Myitkyina,MM,2021-09-28 11:40:45,25.3833,97.4,81.52,75,29,1.14
435,Vargashi,RU,2021-09-28 11:40:46,55.3556,65.8467,45.64,45,100,18.12
436,Sao Pedro Do Sul,BR,2021-09-28 11:40:46,-29.6206,-54.1789,63.25,81,68,4.12
437,Bara,NG,2021-09-28 11:40:46,10.3744,10.7288,89.13,53,72,5.79
438,Springbok,ZA,2021-09-28 11:40:46,-29.6643,17.8865,69.03,19,90,5.44
439,Oktyabrskoye,RU,2021-09-28 11:40:47,43.0645,44.7417,59.14,72,75,13.42
440,Gat,IL,2021-09-28 11:36:05,31.61,34.7642,83.8,32,5,13.73
441,Contai,IN,2021-09-28 11:40:47,21.7786,87.7536,78.13,94,100,14.52
442,Port Moresby,PG,2021-09-28 11:40:48,-9.4431,147.1797,76.42,94,90,3.44
443,Kushmurun,KZ,2021-09-28 11:40:48,52.4503,64.6311,41.56,86,100,14.97
444,Rawson,AR,2021-09-28 11:40:48,-43.3002,-65.1023,51.94,38,36,11.83
445,Bondo,CD,2021-09-28 11:40:49,3.8146,23.6866,87.24,51,96,2.95
446,Perbaungan,ID,2021-09-28 11:40:49,3.5679,98.956,84.31,83,100,3.69
447,Batocina,RS,2021-09-28 11:40:49,44.1536,21.0817,69.19,73,99,6.31
448,San Rafael,AR,2021-09-28 11:40:49,-34.6177,-68.3301,53.06,64,0,1.16
449,Nueva Loja,EC,2021-09-28 11:40:50,0.0847,-76.8828,71.69,82,39,1.03
450,Champerico,GT,2021-09-28 11:40:50,14.3,-91.9167,79.36,76,100,8.37
451,Stokmarknes,NO,2021-09-28 11:40:50,68.5646,14.9108,60.76,55,0,3.44
452,Canelones,UY,2021-09-28 11:40:51,-34.6444,-56.2886,57.22,94,90,9.22
453,Kapoeta,SS,2021-09-28 11:40:51,4.7717,33.5903,93.47,30,94,5.46
454,Hanzhong,CN,2021-09-28 11:38:51,33.0728,107.0303,68.02,88,2,2.64
455,Tuatapere,NZ,2021-09-28 11:40:51,-46.1333,167.6833,46.81,89,80,5.82
456,Tupaciguara,BR,2021-09-28 11:40:52,-18.5922,-48.705,72.52,35,28,9.91
457,Grand Gaube,MU,2021-09-28 11:40:52,-20.0064,57.6608,76.37,55,15,11.99
458,Fereydun Kenar,IR,2021-09-28 11:40:52,36.6864,52.5225,77.31,50,3,8.57
459,Kamaishi,JP,2021-09-28 11:40:53,39.2667,141.8833,64.89,85,49,5.73
460,Bonfim,BR,2021-09-28 11:40:53,3.0833,-59.95,80.69,71,5,1.48
461,Saravena,CO,2021-09-28 11:37:03,6.9538,-71.8752,72.82,88,66,1.16
462,Santarem,BR,2021-09-28 11:40:53,-2.4431,-54.7083,77.13,94,40,3.44
463,Jumla,NP,2021-09-28 11:39:03,29.2747,82.1838,62.69,90,68,3.0
464,San Vicente,AR,2021-09-28 11:40:54,-26.6167,-54.1333,82.36,37,4,5.08
465,Constantine,DZ,2021-09-28 11:40:54,36.365,6.6147,78.21,41,0,5.75
466,Kambove,CD,2021-09-28 11:40:54,-10.8764,26.5969,87.82,26,97,5.61
467,Semey,KZ,2021-09-28 11:40:55,50.4111,80.2275,59.22,36,0,8.95
468,Faya,SA,2021-09-28 11:40:55,18.3851,42.4509,82.92,22,20,7.61
469,Lavrentiya,RU,2021-09-28 11:40:56,65.5833,-171.0,27.93,84,98,3.6
470,Kalmunai,LK,2021-09-28 11:40:56,7.4167,81.8167,85.35,57,100,12.93
471,Arona,ES,2021-09-28 11:40:56,28.0996,-16.681,78.71,61,0,31.07
472,Hualmay,PE,2021-09-28 11:40:57,-11.0964,-77.6139,61.05,86,68,6.08
473,Sunbury,AU,2021-09-28 11:40:57,-37.5833,144.7333,57.83,73,0,9.22
474,Moose Factory,CA,2021-09-28 11:40:57,51.2585,-80.6094,37.4,100,40,9.22
475,Nome,US,2021-09-28 11:40:57,64.5011,-165.4064,30.27,75,90,3.44
476,Carballo,ES,2021-09-28 11:40:58,43.213,-8.691,67.59,70,21,6.46
477,Fayaoue,NC,2021-09-28 11:40:58,-20.65,166.5333,72.7,73,98,19.93
478,Lukovetskiy,RU,2021-09-28 11:40:58,64.2956,41.9211,57.18,67,94,4.47
479,Redmond,US,2021-09-28 11:39:06,47.674,-122.1215,55.17,87,95,3.0
480,Morondava,MG,2021-09-28 11:40:59,-20.2833,44.2833,82.58,64,7,15.28
481,Santiago Del Estero,AR,2021-09-28 11:36:44,-27.7951,-64.2615,61.81,57,90,16.55
482,Sao Joao Da Barra,BR,2021-09-28 11:40:59,-21.6403,-41.0511,77.09,78,43,16.78
483,Beringovskiy,RU,2021-09-28 11:41:00,63.05,179.3167,33.66,82,100,17.94
484,Abay,KZ,2021-09-28 11:41:00,49.6311,72.8539,50.38,91,100,9.44
485,Portland,US,2021-09-28 11:40:45,45.5234,-122.6762,54.36,94,90,3.0
486,Pingxiang,CN,2021-09-28 11:41:00,27.6167,113.85,84.0,60,78,1.23
487,Dospat,BG,2021-09-28 11:41:01,41.65,24.1667,61.5,63,96,1.39
488,Nabisar,PK,2021-09-28 11:41:01,25.0685,69.6419,95.95,44,90,5.88
489,Coquimbo,CL,2021-09-28 11:41:01,-29.9533,-71.3436,49.73,100,90,6.91
490,Skjervoy,NO,2021-09-28 11:41:02,70.0311,20.9714,60.8,67,42,7.36
491,Aripuana,BR,2021-09-28 11:41:02,-9.1667,-60.6333,76.71,84,99,1.52
492,Kyren,RU,2021-09-28 11:41:02,51.6828,102.1408,33.3,73,57,1.28
493,San Policarpo,PH,2021-09-28 11:41:03,12.1791,125.5072,79.65,87,72,5.79
494,Marzuq,YE,2021-09-28 11:41:03,14.4,46.4667,91.04,21,52,9.69
495,Shimoda,JP,2021-09-28 11:41:03,34.6667,138.95,70.29,77,31,12.24
496,Northam,GB,2021-09-28 11:41:04,51.0333,-4.2167,59.4,92,100,19.48
497,Sahbuz,AZ,2021-09-28 11:41:04,39.4072,45.5739,74.8,22,0,6.08
498,Shenjiamen,CN,2021-09-28 11:41:04,29.9576,122.298,76.69,79,96,7.72
499,Peniche,PT,2021-09-28 11:41:05,39.3558,-9.3811,73.62,64,50,18.54
500,Caceres,ES,2021-09-28 11:41:05,39.522,-6.3748,68.81,53,100,5.93
501,Ulladulla,AU,2021-09-28 11:41:05,-35.35,150.4667,63.88,86,81,7.61
502,Yazoo City,US,2021-09-28 11:41:06,32.8551,-90.4056,72.34,90,95,5.79
503,Hudiksvall,SE,2021-09-28 11:41:06,61.729,17.1036,58.51,79,100,12.68
504,Ban Nahin,LA,2021-09-28 11:36:37,18.2418,104.2122,77.65,93,56,1.66
505,Half Moon Bay,US,2021-09-28 11:41:06,37.4636,-122.4286,59.07,81,20,8.05
506,Obihiro,JP,2021-09-28 11:39:26,42.9172,143.2044,58.41,95,88,1.43
507,Shasta Lake,US,2021-09-28 11:41:07,40.6804,-122.3708,52.52,80,0,5.3
508,Acarau,BR,2021-09-28 11:41:07,-2.8856,-40.12,86.34,58,18,17.65
509,Quatre Cocos,MU,2021-09-28 11:41:07,-20.2078,57.7625,76.08,62,25,18.05
510,Bay Roberts,CA,2021-09-28 11:41:08,47.5999,-53.2648,59.32,97,35,5.01
511,Laiwu,CN,2021-09-28 11:41:08,36.1928,117.6569,61.77,93,100,1.05
512,Kloulklubed,PW,2021-09-28 11:41:08,7.0419,134.2556,82.9,73,60,5.79
513,South Yuba City,US,2021-09-28 11:41:09,39.1166,-121.6391,59.14,63,1,5.75
514,Klyuchi,RU,2021-09-28 11:41:09,52.2667,79.1667,48.78,38,23,8.46
515,Qinhuangdao,CN,2021-09-28 11:41:09,39.9317,119.5883,67.62,91,100,7.52
516,Yumen,CN,2021-09-28 11:41:10,40.2833,97.2,71.17,14,0,5.66
517,Marsaxlokk,MT,2021-09-28 11:41:10,35.8419,14.5431,86.61,51,20,14.97
518,Akureyri,IS,2021-09-28 11:41:10,65.6835,-18.0878,31.93,100,90,10.36
519,Novo Aripuana,BR,2021-09-28 11:41:11,-5.1206,-60.3797,77.47,86,99,2.28
520,Batouri,CM,2021-09-28 11:41:11,4.4333,14.3667,81.66,71,76,1.3
521,Juventino Rosas,MX,2021-09-28 11:41:11,20.65,-101.0,59.67,94,100,1.21
522,Pochutla,MX,2021-09-28 11:41:12,15.7432,-96.4661,74.82,86,98,4.14
523,Tecoanapa,MX,2021-09-28 11:41:12,16.5167,-98.75,75.31,86,83,4.07
524,Warrnambool,AU,2021-09-28 11:41:03,-38.3833,142.4833,55.47,78,100,9.46
525,Soanierana Ivongo,MG,2021-09-28 11:41:12,-16.9167,49.5833,74.7,82,25,10.4
526,Rawah,IQ,2021-09-28 11:41:12,34.4816,41.9093,93.7,15,0,4.99
527,Kimbe,PG,2021-09-28 11:41:13,-5.5502,150.1429,76.37,94,100,3.51
528,Chinsali,ZM,2021-09-28 11:41:13,-10.5414,32.0816,88.9,24,89,3.15
529,Fairview,US,2021-09-28 11:41:13,40.8126,-73.999,68.22,77,1,7.0
530,Denpasar,ID,2021-09-28 11:40:31,-8.65,115.2167,80.26,83,20,10.36
531,Port Augusta,AU,2021-09-28 11:41:14,-32.5,137.7667,60.94,66,82,13.85
532,Chumikan,RU,2021-09-28 11:41:14,54.7183,135.315,51.8,64,73,5.75
533,Biak,ID,2021-09-28 11:41:14,-0.9131,122.8766,76.87,84,83,5.55
534,Thung Song,TH,2021-09-28 11:41:15,8.1645,99.6804,81.79,90,95,1.5
535,Yulara,AU,2021-09-28 11:41:15,-25.2406,130.9889,75.04,13,12,8.05
536,Havelock,US,2021-09-28 11:41:15,34.8791,-76.9013,71.94,91,1,1.99
537,Byron Bay,AU,2021-09-28 11:39:24,-28.65,153.6167,66.15,69,7,10.25
